{"Episode":2,"Return":2,"Epsilon":0.99964,"Loss":6.605785165447742e-05,"_timestamp":1.745592221219286e+09,"_wandb":{"runtime":185},"_runtime":177.542353,"_step":1}