{"_step":0,"Episode":1,"Return":1,"Epsilon":1,"Loss":3.2648931664880365e-05,"_timestamp":1.7455916504890418e+09,"_runtime":63.963912,"_wandb":{"runtime":139}}