{"_timestamp":1.745591993064944e+09,"_runtime":159.644543,"_wandb":{"runtime":169},"_step":1,"Episode":2,"Return":2,"Epsilon":0.99964,"Loss":7.466552688129013e-06}